{"cameraMode":{"drawMode":0,"name":"Shaded","section":"Shading Mode"},"sceneLighting":true,"audioPlay":false,"sceneViewState":{"m_AlwaysRefresh":false,"showFog":true,"showSkybox":true,"showFlares":true,"showImageEffects":true,"showParticleSystems":true,"showVisualEffectGraphs":true,"m_FxEnabled":true},"in2DMode":false,"pivot":{"x":-11.580930709838868,"y":-1.8705981969833375,"z":27.522192001342775},"rotation":{"x":0.06596599519252777,"y":-0.7280641794204712,"z":0.07077255100011826,"w":0.6786683797836304},"size":10.157611846923829,"orthographic":false}